similarity,suggested_action,why,name_a,polls_a,country_a,cells_a,name_b,polls_b,country_b,cells_b,decision,canonical_name
0.971,SOURCE_TYPO,given name differs slightly (frederic / fredric),Frederic R. Jameson,1992,USA,1992!row51,Fredric R. Jameson,2002,USA,2002!row65,,
0.952,SOURCE_TYPO,given name differs slightly (geoffery / geoffrey),Geoffery Nowell-Smith,1992,UK,1992!row83,Geoffrey Nowell-Smith,1982,UK,1982!row79,,
0.944,SOURCE_TYPO,given name differs slightly (joanthan / jonathan),Joanthan Rosenbaum,1992,USA,1992!row100,Jonathan Rosenbaum,"1,982,200,220,122,020",USA,1982!row96; 2002!row111; 2012!row378; 2022!row826,,
0.941,SOURCE_TYPO,one character differs - likely a transcription slip,José Lius Guarner,1992,Spain,1992!row44,José Luis Guarner,1982,Spain,1982!row43,,
0.938,SOURCE_TYPO,given name differs slightly (ferroni / ferronian),Ferroni Brigade,2012,Austria/Germany,2012!row238,Ferronian Brigade,2022,Finland/Germany/Austria,2022!row569,,
0.929,SOURCE_TYPO,given name differs slightly (andrei / andrey),Andrei Plakhov,"199,220,122,022",Russia,1992!row87; 2012!row36; 2022!row194,Andrey Plakhov,2002,Russia,2002!row101,,
0.917,SOURCE_TYPO,given name differs slightly (andrej / andrew),Andrej Šprah,2022,Slovenia,2022!row195,Andrew Šprah,2012,Slovenia,2012!row41,,
0.917,SOURCE_TYPO,given name differs slightly (erica / erika),Erica Gregor,2012,Germany,2012!row220,Erika Gregor,2022,Germany,2022!row539,,
0.909,SOURCE_TYPO,given name differs slightly (boran / goran),Boran Gocić,1992,Belgrade,1992!row42,Goran Gocic,2012,Serbia,2012!row283,,
0.952,ALIAS,middle name/initial present in one spelling only,Sergio Grmek Germani,2012,Italy,2012!row739,Sergio M. Grmek Germani,2022,Italy,2022!row97,,
0.947,ALIAS,known short form of the same given name,Luc Sante,2012,USA/Belgium,2012!row465,Lucy Sante,2022,USA,2022!row42,,Lucy Sante
0.947,ALIAS,known short form of the same given name,Manu Yáñez-Murillo,2012,Spain,2012!row478,Manuel Yáñez-Murillo,2022,Spain,2022!row1014,,
0.944,ALIAS,middle name/initial present in one spelling only,Richard I Suchenski,2022,USA,2022!row1366,Richard Suchenski,2012,USA,2012!row690,,
0.941,ALIAS,middle name/initial present in one spelling only,Thomas Elsaesser,"19,922,002",Netherlands / UK,1992!row33; 2002!row39,Thomas P Elsaesser,2012,Netherlands,2012!row790,,
0.929,ALIAS,middle name/initial present in one spelling only,Maria Delgado,2022,UK,2022!row1036,Maria M Delgado,2012,UK,2012!row494,,
0.923,ALIAS,middle name/initial present in one spelling only,Lotte Eisner,"19,621,972",France,1962!row13; 1972!row28,Lotte H. Eisner,"19,521,982",France,1952!row20; 1982!row32,,
0.889,ALIAS,known short form of the same given name,Anthony Macklin,1972,USA,1972!row47,Tony Macklin,"199,220,022,012",USA,1992!row65; 2002!row82; 2012!row807,,
0.87,ALIAS,known short form of the same given name,Thomas Dawson,2012,UK,2012!row787,Tom Dawson,2022,UK,2022!row1553,,
0.788,ALIAS,middle name/initial present in one spelling only,Luís Miguel Oliveira,2022,Portugal,2022!row986,Luís Oliveira,2012,Portugal,2012!row471,,
0.6,ALIAS,same tokens in a different order,Muszatics Péter,2022,Hungary,2022!row1170,Péter Muszatics,2012,Hungary,2012!row649,,
0.588,ALIAS,same tokens in a different order,Santos Zunzunegui,2012,Spain,2012!row732,Zunzunegui Santos,2022,Spain,2022!row1636,,
0.583,ALIAS,same tokens in a different order,Fung Ka Ming,2012,Hong Kong,2012!row255,Ka Ming Fung,2022,Hong Kong,2022!row879,,
0.5,ALIAS,same tokens in a different order,Inuhiko Yomota,2022,Japan,2022!row39,Yomota Inuhiko,2002,Japan,2002!row61,,
0.5,ALIAS,same tokens in a different order,Ling Zhang,2012,China,2012!row456,Zhang Ling,2022,China,2022!row1634,,
0.5,ALIAS,same tokens in a different order,Sato Tadao,1992,Japan,1992!row104,Tadao Sato,"1,972,198,220,022,010",Japan,1972!row66; 1982!row100; 2002!row117; 2012!row778,,
0.467,ALIAS,same tokens in a different order,Hiroshi Komatsu,2012,Japan,2012!row307,KOMATSU Hiroshi,2022,Japan,2022!row928,,
0.462,ALIAS,same tokens in a different order,Ferenc Zalaba,2012,Hungary,2012!row232,Zalaba Ferenc,2022,Hungary,2022!row1633,,
0.455,ALIAS,same tokens in a different order,Gábor Köves,2022,Hungary,2022!row588,Köves Gábor,2012,Hungary,2012!row434,,
0.909,REVIEW,"different given names, high similarity",J. Hoberman,"198,219,922,022",USA,1982!row51; 1992!row47; 2022!row709,Jim Hoberman,"20,022,012",USA,2002!row60; 2012!row363,,
0.889,REVIEW,"different given names, high similarity",Deane Williams,2022,Australia,2022!row459,Evan Williams,1992,Australia,1992!row127,different people,
0.848,REVIEW,middle name differs AND countries conflict - could be two people,Linda Ruth Williams,2012,UK,2012!row454,Linda Williams,2002,USA,2002!row140,different people,
0.786,REVIEW,,Abé Mark Nornes,2012,USA,2012!row2,Markus Nornes,2022,USA,2022!row1064,,
0.75,REVIEW,,Dan and Edna Fainaru,2022,Israel,2022!row408,Edna Fainaru,"199,220,022,012",Israel,1992!row35; 2002!row43; 2012!row203,I would want the 2022 Fainaru ballot to appear under both Dan and Edna Farinaru page,
0.722,REVIEW,,James Rodrigues,2022,UK,2022!row732,João Carlos Rodrigues,1982,Brazil,1982!row95,different people,
0.88,DIFFERENT_PEOPLE,both appear in the same poll,Matt Turner,2022,UK,2022!row1080,Matthew Turner,2022,UK,2022!row1088,,
0.87,DIFFERENT_PEOPLE,both appear in the same poll,Dan Fainaru,"1,982,199,220,022,010",Israel,1982!row34; 1992!row34; 2002!row42; 2012!row148,Edna Fainaru,"199,220,022,012",Israel,1992!row35; 2002!row43; 2012!row203,,
0.867,DIFFERENT_PEOPLE,both appear in the same poll,Deane Williams,2022,Australia,2022!row459,Melanie Williams,2022,UK,2022!row88,,
0.857,DIFFERENT_PEOPLE,both appear in the same poll,John Oliver,2012,UK,2012!row371,Jos Oliver,2012,Spain,2012!row381,,
0.846,DIFFERENT_PEOPLE,both appear in the same poll,Ben Mitchell,2022,UK,2022!row272,Megan Mitchell,2022,UK,2022!row1100,,
0.846,DIFFERENT_PEOPLE,both appear in the same poll,Ben Mitchell,2022,UK,2022!row272,Wendy Mitchell,2022,UK,2022!row1603,,
0.846,DIFFERENT_PEOPLE,different given names,Ed Buscombe,"19,922,022",UK,1992!row14; 2022!row492,Edward Buscombe,2012,UK,2012!row205,,
0.846,DIFFERENT_PEOPLE,both appear in the same poll,Jan Holmberg,"20,122,022",Sweden,2012!row338; 2022!row740,Jonas Holmberg,2022,Sweden,2022!row822,,
0.839,DIFFERENT_PEOPLE,different given names,Antonio Rodrigues,2012,Portugal,2012!row61,Nuno Rodrigues,2022,Portugal,2022!row1233,,
0.833,DIFFERENT_PEOPLE,both appear in the same poll,Jorge García,2012,Argentina,2012!row379,Roger Garcia,2012,Hong Kong,2012!row707,,
0.828,DIFFERENT_PEOPLE,both appear in the same poll,Brian Jacobson,2022,USA,2022!row56,Harlan Jacobson,2022,USA,2022!row653,,
0.828,DIFFERENT_PEOPLE,different given names,Evan Williams,1992,Australia,1992!row127,Melanie Williams,2022,UK,2022!row88,,
0.828,DIFFERENT_PEOPLE,both appear in the same poll,Melanie Williams,2022,UK,2022!row88,Mike Williams,2022,UK,2022!row1148,,
0.824,DIFFERENT_PEOPLE,different given names,Adam Cook,2022,Canada,2022!row112,Pam Cook,"199,220,022,012",UK,1992!row20; 2002!row24; 2012!row616,,
0.818,DIFFERENT_PEOPLE,both appear in the same poll,Adam Murray,2022,UK,2022!row115,Iana Murray,2022,UK/Philippines,2022!row686,,
0.818,DIFFERENT_PEOPLE,different given names,Ali Smith,2012,UK,2012!row22,Caitlin Smith,2022,UK,2022!row313,,
0.818,DIFFERENT_PEOPLE,both appear in the same poll,Stuart Brown,2022,UK,2022!row1504,Tara Brown,2022,UK,2022!row1522,,
0.818,DIFFERENT_PEOPLE,both appear in the same poll,Ben Walters,"20,122,022",UK,2012!row81; 2022!row276,Meg Walters,2022,UK/Canada,2022!row1099,,
0.815,DIFFERENT_PEOPLE,different given names,Marcel Martin,1972,France,1972!row51,Michael Martin,2022,USA,2022!row1118,,
0.815,DIFFERENT_PEOPLE,both appear in the same poll,Ben Mitchell,2022,UK,2022!row272,Robert Mitchell,2022,UK,2022!row1381,,
0.8,DIFFERENT_PEOPLE,different given names,A. Masson,1992,France,1992!row68,Alain Masson,2022,France,2022!row137,,
0.8,DIFFERENT_PEOPLE,both appear in the same poll,Ali Smith,2012,UK,2012!row22,Gavin Smith,"200,220,122,022",USA,2002!row122; 2012!row263; 2022!row593,,
0.8,DIFFERENT_PEOPLE,both appear in the same poll,Ben Mitchell,2022,UK,2022!row272,Neil Mitchell,2022,UK,2022!row1191,,
0.8,DIFFERENT_PEOPLE,different given names,Bob Baker,"19,821,992",UK,1982!row8; 1992!row5,Robin Baker,"20,122,022",UK,2012!row703; 2022!row93,,
0.8,DIFFERENT_PEOPLE,both appear in the same poll,Erica Gregor,2012,Germany,2012!row220,Ulrich Gregor,"20,122,022",Germany,2012!row812; 2022!row1571,,
0.8,DIFFERENT_PEOPLE,both appear in the same poll,Iain Sinclair,2012,UK,2012!row312,Jim Sinclair,2012,Canada,2012!row364,,
0.8,DIFFERENT_PEOPLE,different given names,Michael Dwyer,"19,922,002",Ireland,1992!row31; 2002!row35,Rachel Dwyer,"20,122,022",UK,2012!row668; 2022!row1331,,
0.8,DIFFERENT_PEOPLE,both appear in the same poll,Nick De Semlyen,2022,UK,2022!row1205,Phil De Semlyen,2022,UK,2022!row1306,,
0.786,DIFFERENT_PEOPLE,both appear in the same poll,Barrett Hodsdon,2022,Australia,2022!row75,Bruce Hodsdon,2022,Australia,2022!row302,,
0.786,DIFFERENT_PEOPLE,both appear in the same poll,Megan Mitchell,2022,UK,2022!row1100,Wendy Mitchell,2022,UK,2022!row1603,,
0.786,DIFFERENT_PEOPLE,different given names,Benjamin Mercer,2022,USA,2022!row278,Kobena Mercer,1992,UK/USA,1992!row74,,
0.786,DIFFERENT_PEOPLE,different given names,Deane Williams,2022,Australia,2022!row459,Linda Williams,2002,USA,2002!row140,,
0.786,DIFFERENT_PEOPLE,both appear in the same poll,Eric Henderson,2022,USA,2022!row77,Odie Henderson,2022,USA,2022!row90,,
0.783,DIFFERENT_PEOPLE,both appear in the same poll,Gavin Smith,"200,220,122,022",USA,2002!row122; 2012!row263; 2022!row593,Nadine Smith,2022,USA,2022!row45,,
0.783,DIFFERENT_PEOPLE,different given names,Ian Francis,2012,UK,2012!row314,Marc Francis,2022,USA,2022!row1019,,
0.778,DIFFERENT_PEOPLE,different given names,Rob White,2012,UK,2012!row693,Tom White,2022,USA,2022!row1558,,
0.778,DIFFERENT_PEOPLE,different given names,Jamie Dunn,2022,UK,2022!row735,Sam Dunn,2012,UK,2012!row723,,
0.774,DIFFERENT_PEOPLE,both appear in the same poll,Kambole Campbell,2022,UK,2022!row883,Ramsey Campbell,2022,UK,2022!row1342,,
0.774,DIFFERENT_PEOPLE,different given names,Ramsey Campbell,2022,UK,2022!row1342,Russell Campbell,2002,New Zealand,2002!row16,,
0.769,DIFFERENT_PEOPLE,both appear in the same poll,Adam Roberts,2022,UK,2022!row118,Soraya Roberts,2022,Canada,2022!row1482,,
0.769,DIFFERENT_PEOPLE,different given names,Evan Williams,1992,Australia,1992!row127,Mike Williams,2022,UK,2022!row1148,,
0.769,DIFFERENT_PEOPLE,different given names,José Oliveira,2022,Portugal,2022!row843,Luís Oliveira,2012,Portugal,2012!row471,,
0.769,DIFFERENT_PEOPLE,both appear in the same poll,Helen Hughes,2022,UK,2022!row660,Stephen Hughes,2022,UK,2022!row29,,
0.762,DIFFERENT_PEOPLE,different given names,Alby James,2012,UK/Africa,2012!row15,Caryn James,2022,USA,2022!row339,,
0.762,DIFFERENT_PEOPLE,different given names,Ali Smith,2012,UK,2012!row22,Nadine Smith,2022,USA,2022!row45,,
0.762,DIFFERENT_PEOPLE,both appear in the same poll,Anna Smith,"20,122,022",UK,2012!row49; 2022!row226,Damon Smith,2022,UK,2022!row406,,
0.762,DIFFERENT_PEOPLE,both appear in the same poll,Anna Smith,"20,122,022",UK,2012!row49; 2022!row226,Gavin Smith,"200,220,122,022",USA,2002!row122; 2012!row263; 2022!row593,,
0.762,DIFFERENT_PEOPLE,both appear in the same poll,Andrew Chan,2022,USA,2022!row196,Karen Chan,2022,Singapore,2022!row887,,
0.762,DIFFERENT_PEOPLE,both appear in the same poll,Armond White,"1,992,200,220,122,020",USA,1992!row126; 2002!row139; 2012!row65; 2022!row253,Rob White,2012,UK,2012!row693,,
0.762,DIFFERENT_PEOPLE,both appear in the same poll,Robin Baker,"20,122,022",UK,2012!row703; 2022!row93,Rose Baker,2022,UK,2022!row1395,,
0.762,DIFFERENT_PEOPLE,both appear in the same poll,Kim Newman,"200,220,122,022",UK,2002!row92; 2012!row428; 2022!row922,Nick Newman,2022,USA,2022!row46,,
0.759,DIFFERENT_PEOPLE,both appear in the same poll,Jon Robertson,"20,122,022",UK,2012!row375; 2022!row818,Selina Robertson,2022,UK,2022!row1457,,
0.75,DIFFERENT_PEOPLE,both appear in the same poll,Caitlin Smith,2022,UK,2022!row313,Gavin Smith,"200,220,122,022",USA,2002!row122; 2012!row263; 2022!row593,,
0.75,DIFFERENT_PEOPLE,both appear in the same poll,Brad Stevens,"20,122,022",UK,2012!row93; 2022!row291,Dana Stevens,2022,USA,2022!row416,,
0.75,DIFFERENT_PEOPLE,both appear in the same poll,Catherine Russell,2022,Canada,2022!row346,Patrick Russell,"20,122,022",UK,2012!row626; 2022!row1272,,
0.75,DIFFERENT_PEOPLE,both appear in the same poll,Clare Stewart,"20,122,022",UK,2012!row139; 2022!row22,Jez Stewart,2022,UK,2022!row789,,
0.75,DIFFERENT_PEOPLE,both appear in the same poll,Goran Jovanović,2022,Serbia,2022!row627,Nebojša Jovanović,2022,Bosnia and Herzegovina,2022!row1187,,
0.75,DIFFERENT_PEOPLE,different given names,Karen Cooper,2012,USA,2012!row407,Sarah Cooper,2022,UK,2022!row1437,,
0.741,DIFFERENT_PEOPLE,both appear in the same poll,Adam Solomons,2022,UK,2022!row120,Jason Solomons,"20,122,022",UK,2012!row347; 2022!row756,,
0.741,DIFFERENT_PEOPLE,both appear in the same poll,Adina Hoffman,2022,USA,2022!row123,Jordan Hoffman,2022,USA,2022!row831,,
0.741,DIFFERENT_PEOPLE,different given names,Alfredo Guevara,2002,Cuba,2002!row56,Mara Guevara,2022,Argentina,2022!row1018,,
0.741,DIFFERENT_PEOPLE,both appear in the same poll,Anne Thompson,"20,122,022",USA,2012!row52; 2022!row232,David Thompson,"199,220,122,022",UK,1992!row116; 2012!row181; 2022!row455,,
0.741,DIFFERENT_PEOPLE,both appear in the same poll,Megan Mitchell,2022,UK,2022!row1100,Neil Mitchell,2022,UK,2022!row1191,,
0.741,DIFFERENT_PEOPLE,both appear in the same poll,Neil Mitchell,2022,UK,2022!row1191,Wendy Mitchell,2022,UK,2022!row1603,,
0.741,DIFFERENT_PEOPLE,both appear in the same poll,Brogan Morris,2022,UK,2022!row301,Meaghan Morris,2022,Australia,2022!row1097,,
0.741,DIFFERENT_PEOPLE,different given names,Craig Williams,2022,UK,2022!row397,Evan Williams,1992,Australia,1992!row127,,
0.741,DIFFERENT_PEOPLE,both appear in the same poll,Craig Williams,2022,UK,2022!row397,Mike Williams,2022,UK,2022!row1148,,
0.741,DIFFERENT_PEOPLE,both appear in the same poll,Deane Williams,2022,Australia,2022!row459,Mike Williams,2022,UK,2022!row1148,,
0.741,DIFFERENT_PEOPLE,different given names,Evan Williams,1992,Australia,1992!row127,Linda Williams,2002,USA,2002!row140,,
0.741,DIFFERENT_PEOPLE,different given names,Linda Williams,2002,USA,2002!row140,Mike Williams,2022,UK,2022!row1148,,
0.741,DIFFERENT_PEOPLE,different given names,Daniel Morgan,2022,USA,2022!row420,Frances Morgan,2012,UK,2012!row246,,
0.741,DIFFERENT_PEOPLE,both appear in the same poll,Dario Oliveira,"20,122,022",Portugal,2012!row157; 2022!row430,José Oliveira,2022,Portugal,2022!row843,,
0.741,DIFFERENT_PEOPLE,both appear in the same poll,Dario Oliveira,"20,122,022",Portugal,2012!row157; 2022!row430,Luís Oliveira,2012,Portugal,2012!row471,,
0.737,DIFFERENT_PEOPLE,both appear in the same poll,Ali Smith,2012,UK,2012!row22,Anna Smith,"20,122,022",UK,2012!row49; 2022!row226,,
0.737,DIFFERENT_PEOPLE,different given names,Ali Smith,2012,UK,2012!row22,Neil Smith,2022,UK,2022!row1192,,
0.737,DIFFERENT_PEOPLE,different given names,Bob Baker,"19,821,992",UK,1982!row8; 1992!row5,Rose Baker,2022,UK,2022!row1395,,
0.733,DIFFERENT_PEOPLE,both appear in the same poll,Craig Williams,2022,UK,2022!row397,Melanie Williams,2022,UK,2022!row88,,
0.733,DIFFERENT_PEOPLE,different given names,Linda Williams,2002,USA,2002!row140,Melanie Williams,2022,UK,2022!row88,,
0.733,DIFFERENT_PEOPLE,both appear in the same poll,Mike Williams,2022,UK,2022!row1148,Missouri Williams,2022,UK,2022!row1158,,
0.733,DIFFERENT_PEOPLE,both appear in the same poll,Loreta Gandolfi,2022,UK,2022!row975,Marzia Gandolfi,2022,Italy,2022!row1076,,
0.727,DIFFERENT_PEOPLE,different given names,Ali Smith,2012,UK,2012!row22,Mikaela Smith,2022,UK,2022!row1143,,
0.727,DIFFERENT_PEOPLE,both appear in the same poll,Anna Smith,"20,122,022",UK,2012!row49; 2022!row226,Nadine Smith,2022,USA,2022!row45,,
0.727,DIFFERENT_PEOPLE,both appear in the same poll,Damon Smith,2022,UK,2022!row406,Gavin Smith,"200,220,122,022",USA,2002!row122; 2012!row263; 2022!row593,,
0.727,DIFFERENT_PEOPLE,both appear in the same poll,Nadine Smith,2022,USA,2022!row45,Neil Smith,2022,UK,2022!row1192,,
0.727,DIFFERENT_PEOPLE,both appear in the same poll,Carolyn Funk,2022,USA,2022!row335,Karlo Funk,2022,Estonia,2022!row889,,
0.727,DIFFERENT_PEOPLE,both appear in the same poll,Emma Wilson,"20,122,022",UK,2012!row215; 2022!row528,Jake Wilson,2022,Australia,2022!row721,,
0.727,DIFFERENT_PEOPLE,different given names,Jan Dawson,1972,UK,1972!row26,Sarah Dawson,2022,South Africa,2022!row1438,,
0.727,DIFFERENT_PEOPLE,both appear in the same poll,Martin Brady,"20,122,022",UK,2012!row516; 2022!row1068,Tara Brady,"20,122,022",Ireland,2012!row781; 2022!row1521,,
0.72,DIFFERENT_PEOPLE,both appear in the same poll,Caitlin Smith,2022,UK,2022!row313,Nadine Smith,2022,USA,2022!row45,,
0.72,DIFFERENT_PEOPLE,both appear in the same poll,Erika Gregor,2022,Germany,2022!row539,Ulrich Gregor,"20,122,022",Germany,2012!row812; 2022!row1571,,
